{
  "base_vs_balanced": {
    "vs_balanced": {
      "aggression": 0.0026936026936026937,
      "science": 0.2606060606060606,
      "economy": 0.6525252525252525,
      "diplomacy": 0.08417508417508418
    },
    "vs_aggressor": {
      "aggression": 0.025806451612903226,
      "science": 0.8258064516129032,
      "economy": 0.12688172043010754,
      "diplomacy": 0.021505376344086023
    },
    "vs_diverse": {
      "aggression": 0.019672131147540985,
      "science": 0.43278688524590164,
      "economy": 0.492896174863388,
      "diplomacy": 0.0546448087431694
    },
    "vs_diplomat": {
      "aggression": 0.00202020202020202,
      "science": 0.2572390572390572,
      "economy": 0.6525252525252525,
      "diplomacy": 0.08821548821548822
    }
  },
  "base_vs_aggressor": {
    "vs_balanced": {
      "aggression": 0.09665144596651445,
      "science": 0.20624048706240486,
      "economy": 0.1430745814307458,
      "diplomacy": 0.5540334855403348
    },
    "vs_aggressor": {
      "aggression": 0.08991228070175439,
      "science": 0.7302631578947368,
      "economy": 0.16885964912280702,
      "diplomacy": 0.010964912280701754
    },
    "vs_diverse": {
      "aggression": 0.15130023640661938,
      "science": 0.30141843971631205,
      "economy": 0.19976359338061467,
      "diplomacy": 0.3475177304964539
    },
    "vs_diplomat": {
      "aggression": 0.09225589225589226,
      "science": 0.1892255892255892,
      "economy": 0.13198653198653199,
      "diplomacy": 0.5865319865319866
    }
  },
  "base_vs_diverse": {
    "vs_balanced": {
      "aggression": 0.025362318840579712,
      "science": 0.717391304347826,
      "economy": 0.22826086956521738,
      "diplomacy": 0.028985507246376812
    },
    "vs_aggressor": {
      "aggression": 0.008948545861297539,
      "science": 0.8903803131991052,
      "economy": 0.06935123042505593,
      "diplomacy": 0.03131991051454139
    },
    "vs_diverse": {
      "aggression": 0.15300546448087432,
      "science": 0.4360655737704918,
      "economy": 0.3901639344262295,
      "diplomacy": 0.020765027322404372
    },
    "vs_diplomat": {
      "aggression": 0.03367003367003367,
      "science": 0.30505050505050507,
      "economy": 0.6518518518518519,
      "diplomacy": 0.009427609427609427
    }
  },
  "base_vs_diverse_200t": {
    "vs_balanced": {
      "aggression": 0.07903780068728522,
      "science": 0.7646048109965635,
      "economy": 0.1563573883161512,
      "diplomacy": 0.0
    },
    "vs_aggressor": {
      "aggression": 0.05925925925925926,
      "science": 0.8666666666666667,
      "economy": 0.06666666666666667,
      "diplomacy": 0.007407407407407408
    },
    "vs_diverse": {
      "aggression": 0.16333333333333333,
      "science": 0.4477777777777778,
      "economy": 0.3888888888888889,
      "diplomacy": 0.0
    },
    "vs_diplomat": {
      "aggression": 0.030976430976430977,
      "science": 0.7326599326599327,
      "economy": 0.23636363636363636,
      "diplomacy": 0.0
    }
  },
  "base_vs_diverse_seed1": {
    "vs_balanced": {
      "aggression": 0.08117443868739206,
      "science": 0.6303972366148531,
      "economy": 0.2659758203799655,
      "diplomacy": 0.022452504317789293
    },
    "vs_aggressor": {
      "aggression": 0.07692307692307693,
      "science": 0.844017094017094,
      "economy": 0.049145299145299144,
      "diplomacy": 0.029914529914529916
    },
    "vs_diverse": {
      "aggression": 0.23118279569892472,
      "science": 0.3602150537634409,
      "economy": 0.3682795698924731,
      "diplomacy": 0.04032258064516129
    },
    "vs_diplomat": {
      "aggression": 0.03973063973063973,
      "science": 0.24983164983164982,
      "economy": 0.6996632996632997,
      "diplomacy": 0.010774410774410775
    }
  },
  "base_vs_diverse_seed2": {
    "vs_balanced": {
      "aggression": 0.10674157303370786,
      "science": 0.6404494382022472,
      "economy": 0.20599250936329588,
      "diplomacy": 0.04681647940074907
    },
    "vs_aggressor": {
      "aggression": 0.016203703703703703,
      "science": 0.8912037037037037,
      "economy": 0.05787037037037037,
      "diplomacy": 0.034722222222222224
    },
    "vs_diverse": {
      "aggression": 0.19518377693282637,
      "science": 0.5678073510773131,
      "economy": 0.20532319391634982,
      "diplomacy": 0.031685678073510776
    },
    "vs_diplomat": {
      "aggression": 0.03973063973063973,
      "science": 0.2430976430976431,
      "economy": 0.7043771043771043,
      "diplomacy": 0.012794612794612794
    }
  },
  "base_vs_diplomat": {
    "vs_balanced": {
      "aggression": 0.2591093117408907,
      "science": 0.09244264507422402,
      "economy": 0.6484480431848852,
      "diplomacy": 0.0
    },
    "vs_aggressor": {
      "aggression": 0.8942528735632184,
      "science": 0.034482758620689655,
      "economy": 0.07126436781609195,
      "diplomacy": 0.0
    },
    "vs_diverse": {
      "aggression": 0.854978354978355,
      "science": 0.05194805194805195,
      "economy": 0.09307359307359307,
      "diplomacy": 0.0
    },
    "vs_diplomat": {
      "aggression": 0.2713804713804714,
      "science": 0.10505050505050505,
      "economy": 0.6235690235690236,
      "diplomacy": 0.0
    }
  },
  "annex_vs_balanced": {
    "vs_balanced": {
      "aggression": 0.12323232323232323,
      "science": 0.42693602693602695,
      "economy": 0.428956228956229,
      "diplomacy": 0.020875420875420877
    },
    "vs_aggressor": {
      "aggression": 0.12337662337662338,
      "science": 0.8722943722943723,
      "economy": 0.004329004329004329,
      "diplomacy": 0.0
    },
    "vs_diverse": {
      "aggression": 0.1928721174004193,
      "science": 0.8050314465408805,
      "economy": 0.0,
      "diplomacy": 0.0020964360587002098
    },
    "vs_diplomat": {
      "aggression": 0.1164983164983165,
      "science": 0.38922558922558925,
      "economy": 0.45925925925925926,
      "diplomacy": 0.035016835016835016
    }
  },
  "annex_vs_aggressor": {
    "vs_balanced": {
      "aggression": 0.010101010101010102,
      "science": 0.31717171717171716,
      "economy": 0.02558922558922559,
      "diplomacy": 0.6471380471380471
    },
    "vs_aggressor": {
      "aggression": 0.04112554112554113,
      "science": 0.8961038961038961,
      "economy": 0.012987012987012988,
      "diplomacy": 0.049783549783549784
    },
    "vs_diverse": {
      "aggression": 0.008450704225352112,
      "science": 0.41220657276995304,
      "economy": 0.004694835680751174,
      "diplomacy": 0.5746478873239437
    },
    "vs_diplomat": {
      "aggression": 0.014814814814814815,
      "science": 0.4006734006734007,
      "economy": 0.03636363636363636,
      "diplomacy": 0.5481481481481482
    }
  },
  "annex_vs_diverse": {
    "vs_balanced": {
      "aggression": 0.057912457912457915,
      "science": 0.4734006734006734,
      "economy": 0.1595959595959596,
      "diplomacy": 0.3090909090909091
    },
    "vs_aggressor": {
      "aggression": 0.072992700729927,
      "science": 0.8710462287104623,
      "economy": 0.05596107055961071,
      "diplomacy": 0.0
    },
    "vs_diverse": {
      "aggression": 0.13357400722021662,
      "science": 0.5667870036101083,
      "economy": 0.1552346570397112,
      "diplomacy": 0.1444043321299639
    },
    "vs_diplomat": {
      "aggression": 0.059932659932659935,
      "science": 0.46936026936026937,
      "economy": 0.1494949494949495,
      "diplomacy": 0.3212121212121212
    }
  },
  "annex_vs_diverse_200t": {
    "vs_balanced": {
      "aggression": 0.1198501872659176,
      "science": 0.6573033707865169,
      "economy": 0.22284644194756553,
      "diplomacy": 0.0
    },
    "vs_aggressor": {
      "aggression": 0.07407407407407407,
      "science": 0.8592592592592593,
      "economy": 0.06666666666666667,
      "diplomacy": 0.0
    },
    "vs_diverse": {
      "aggression": 0.2032520325203252,
      "science": 0.6097560975609756,
      "economy": 0.18699186991869918,
      "diplomacy": 0.0
    },