{
  "annex_vs_aggressor": {
    "aggression": 0.008450704225352112,
    "science": 0.41220657276995304,
    "economy": 0.004694835680751174,
    "diplomacy": 0.5746478873239437
  },
  "annex_vs_balanced": {
    "aggression": 0.1928721174004193,
    "science": 0.8050314465408805,
    "economy": 0.0,
    "diplomacy": 0.0020964360587002098
  },
  "annex_vs_diplomat": {
    "aggression": 0.10714285714285714,
    "science": 0.8928571428571429,
    "economy": 0.0,
    "diplomacy": 0.0
  },
  "annex_vs_diverse": {
    "aggression": 0.13357400722021662,
    "science": 0.5667870036101083,
    "economy": 0.1552346570397112,
    "diplomacy": 0.1444043321299639
  },
  "annex_vs_diverse_200t": {
    "aggression": 0.2032520325203252,
    "science": 0.6097560975609756,
    "economy": 0.18699186991869918,
    "diplomacy": 0.0
  },
  "base_vs_aggressor": {
    "aggression": 0.15130023640661938,
    "science": 0.30141843971631205,
    "economy": 0.19976359338061467,
    "diplomacy": 0.3475177304964539
  },
  "base_vs_balanced": {
    "aggression": 0.019672131147540985,
    "science": 0.43278688524590164,
    "economy": 0.492896174863388,
    "diplomacy": 0.0546448087431694
  },
  "base_vs_diplomat": {
    "aggression": 0.854978354978355,
    "science": 0.05194805194805195,
    "economy": 0.09307359307359307,
    "diplomacy": 0.0
  },
  "base_vs_diverse": {
    "aggression": 0.15300546448087432,
    "science": 0.4360655737704918,
    "economy": 0.3901639344262295,
    "diplomacy": 0.020765027322404372
  },
  "base_vs_diverse_200t": {
    "aggression": 0.16333333333333333,
    "science": 0.4477777777777778,
    "economy": 0.3888888888888889,
    "diplomacy": 0.0
  },
  "base_vs_diverse_seed1": {
    "aggression": 0.23118279569892472,
    "science": 0.3602150537634409,
    "economy": 0.3682795698924731,
    "diplomacy": 0.04032258064516129
  },
  "base_vs_diverse_seed2": {
    "aggression": 0.19518377693282637,
    "science": 0.5678073510773131,
    "economy": 0.20532319391634982,
    "diplomacy": 0.031685678073510776
  },
  "dense_only_vs_diverse": {
    "aggression": 0.0056022408963585435,
    "science": 0.6489262371615313,
    "economy": 0.3314659197012138,
    "diplomacy": 0.014005602240896359
  },
  "peace_vs_aggressor": {
    "aggression": 0.20938967136150236,
    "science": 0.6,
    "economy": 0.18967136150234742,
    "diplomacy": 0.0009389671361502347
  },
  "peace_vs_balanced": {
    "aggression": 0.08449396471680594,
    "science": 0.4568245125348189,
    "economy": 0.308263695450325,
    "diplomacy": 0.15041782729805014
  },
  "peace_vs_diplomat": {
    "aggression": 0.6955128205128205,
    "science": 0.09615384615384616,
    "economy": 0.20352564102564102,
    "diplomacy": 0.004807692307692308
  },
  "peace_vs_diverse": {
    "aggression": 0.5522273425499232,
    "science": 0.2626728110599078,
    "economy": 0.17127496159754224,
    "diplomacy": 0.013824884792626729
  },
  "terminal_only_vs_diverse": {
    "aggression": 0.30445246690734057,
    "science": 0.5643802647412756,
    "economy": 0.13116726835138387,
    "diplomacy": 0.0
  }
}